Symbol,Name,Sector,Industry,Headquarters_Location,lat,lng,color1
MMM,3M Company,Industrials,Industrial Conglomerates,"St. Paul, Minnesota",44.953702899999996,-93.0899578,a1b6b0
ABT,Abbott Laboratories,Health Care,Health Care Equipment,"North Chicago, Illinois",42.325578,-87.8411818,0095da
ABBV,AbbVie Inc.,Health Care,Pharmaceuticals,"North Chicago, Illinois",42.325578,-87.8411818,0b0f3c
ABMD,Abiomed,Health Care,Health Care Equipment,"Danvers, Massachusetts",42.5750009,-70.93212199999999,01d46c
ACN,Accenture,Information Technology,IT Consulting & Other Services,"Dublin, Ireland",53.34980529999999,-6.2603097000000005,9a9a9a
ATVI,Activision Blizzard,Communication Services,Interactive Home Entertainment,"Santa Monica, California",34.01945429999999,-118.4911912,a5c3ee
ADBE,Adobe Inc.,Information Technology,Application Software,"San Jose, California",37.338208200000004,-121.88632859999998,ef9a1b
AMD,Advanced Micro Devices,Information Technology,Semiconductors,"Santa Clara, California",37.354107899999995,-121.9552356,f50909
AAP,Advance Auto Parts,Consumer Discretionary,Automotive Retail,"Raleigh, North Carolina",35.7795897,-78.6381787,ffcf08
AES,AES Corp,Utilities,Independent Power Producers & Energy Traders,"Arlington, Virginia",38.879969700000004,-77.1067698,7fcb28
AFL,Aflac,Financials,Life & Health Insurance,"Columbus, Georgia",32.4609764,-84.9877094,0da8e3
A,Agilent Technologies,Health Care,Health Care Equipment,"Santa Clara, California",37.354107899999995,-121.9552356,2188af
APD,Air Products & Chemicals,Materials,Industrial Gases,"Allentown, Pennsylvania",40.6022939,-75.4714098,009a49
AKAM,Akamai Technologies,Information Technology,Internet Services & Infrastructure,"Cambridge, Massachusetts",42.373615799999996,-71.10973349999999,0099cc
ALK,Alaska Air Group,Industrials,Airlines,"Seattle, Washington",47.6062095,-122.33207079999998,0097c8
ALB,Albemarle Corporation,Materials,Specialty Chemicals,"Charlotte, North Carolina",35.2270869,-80.8431267,1c2b26
ARE,Alexandria Real Estate Equities,Real Estate,Office REITs,"Pasadena, California",34.1477849,-118.1445155,51586a
ALXN,Alexion Pharmaceuticals,Health Care,Pharmaceuticals,"Boston, Massachusetts",42.360082500000004,-71.0588801,091794
ALGN,Align Technology,Health Care,Health Care Supplies,"San Jose, California",37.338208200000004,-121.88632859999998,c5d4e9
ALLE,Allegion,Industrials,Building Products,"Dublin, Ireland",53.34980529999999,-6.2603097000000005,4ea475
LNT,Alliant Energy,Utilities,Electric Utilities,"Madison, Wisconsin",43.07305170000001,-89.4012302,f6e212
ALL,Allstate Corp,Financials,Property & Casualty Insurance,"Northfield Township, Illinois",42.116456299999996,-87.8293718,0c78b9
GOOGL,Alphabet Inc. (Class A),Communication Services,Interactive Media & Services,"Mountain View, California",37.3860517,-122.08385109999999,ef1715
GOOG,Alphabet Inc. (Class C),Communication Services,Interactive Media & Services,"Mountain View, California",37.3860517,-122.08385109999999,194f97
MO,Altria Group Inc,Consumer Staples,Tobacco,"Richmond, Virginia",37.540724600000004,-77.4360481,e1806f
AMZN,Amazon.com Inc.,Consumer Discretionary,Internet & Direct Marketing Retail,"Seattle, Washington",47.6062095,-122.33207079999998,8f8d8c
AMCR,Amcor plc,Materials,Paper Packaging,"Warmley,혻Bristol, United Kingdom",51.459527,-2.474226,2fa9de
AEE,Ameren Corp,Utilities,Multi-Utilities,"St. Louis, Missouri",38.6270025,-90.1994042,e61f20
AAL,American Airlines Group,Industrials,Airlines,"Fort Worth, Texas",32.7554883,-97.3307658,bcc3cb
AEP,American Electric Power,Utilities,Electric Utilities,"Columbus, Ohio",39.9611755,-82.9987942,038cda
AXP,American Express,Financials,Consumer Finance,"New York, New York",40.7127753,-74.0059728,2591cf
AIG,American International Group,Financials,Property & Casualty Insurance,"New York, New York",40.7127753,-74.0059728,1774b2
AMT,American Tower Corp.,Real Estate,Specialized REITs,"Boston, Massachusetts",42.360082500000004,-71.0588801,d21140
AWK,American Water Works,Utilities,Water Utilities,"Camden, New Jersey",39.9259463,-75.1196199,4388e9
AMP,Ameriprise Financial,Financials,Asset Management & Custody Banks,"Minneapolis, Minnesota",44.977753,-93.2650108,2b3f4f
ABC,AmerisourceBergen,Health Care,Health Care Distributors,"Chesterbrook, Pennsylvania",40.0756627,-75.4590816,00509d
AME,Ametek,Industrials,Electrical Components & Equipment,"Berwyn, Pennsylvania",40.045823999999996,-75.4395931,70727c
AMGN,Amgen Inc.,Health Care,Biotechnology,"Thousand Oaks, California",34.1705609,-118.83759369999999,1c60a7
APH,Amphenol Corp,Information Technology,Electronic Components,"Wallingford, Connecticut",41.45701079999999,-72.82307359999999,005da3
ADI,"Analog Devices, Inc.",Information Technology,Semiconductors,"Norwood, Massachusetts",42.1943909,-71.19896949999999,026eb7
ANSS,"ANSYS, Inc.",Information Technology,Application Software,"Canonsburg, Pennsylvania",40.262570200000006,-80.1872797,0dece8
ANTM,Anthem,Health Care,Managed Health Care,"Indianapolis, Indiana",39.768403,-86.158068,0077c6
AON,Aon plc,Financials,Insurance Brokers,"London,혻United Kingdom",51.5073509,-0.12775830000000002,e11921
AOS,A.O. Smith Corp,Industrials,Building Products,"Milwaukee, Wisconsin",43.0389025,-87.9064736,1a793e
APA,APA Corporation,Energy,Oil & Gas Exploration & Production,"Houston, Texas",29.7604267,-95.36980279999999,ca9d37
AAPL,Apple Inc.,Information Technology,"Technology Hardware, Storage & Peripherals","Cupertino, California",37.322997799999996,-122.03218229999999,a2abad
AMAT,Applied Materials Inc.,Information Technology,Semiconductor Equipment,"Santa Clara, California",37.354107899999995,-121.9552356,569cbe
APTV,Aptiv PLC,Consumer Discretionary,Auto Parts & Equipment,"Dublin, Ireland",53.34980529999999,-6.2603097000000005,de5336
ADM,Archer-Daniels-Midland Co,Consumer Staples,Agricultural Products,"Chicago, Illinois",41.8781136,-87.62979820000001,00aa4b
ANET,Arista Networks,Information Technology,Communications Equipment,"Santa Clara, California",37.354107899999995,-121.9552356,7e88a0
AJG,Arthur J. Gallagher & Co.,Financials,Insurance Brokers,"Rolling Meadows, Illinois",42.0841936,-88.0131275,8f9386
AIZ,Assurant,Financials,Multi-line Insurance,"New York, New York",40.7127753,-74.0059728,f9a61a
T,AT&T Inc.,Communication Services,Integrated Telecommunication Services,"Dallas, Texas",32.7766642,-96.7969879,00a8e0
ATO,Atmos Energy,Utilities,Gas Utilities,"Dallas, Texas",32.7766642,-96.7969879,5e83d4
ADSK,Autodesk Inc.,Information Technology,Application Software,"San Rafael, California",37.9735346,-122.5310874,b6b9af
ADP,Automatic Data Processing,Information Technology,Data Processing & Outsourced Services,"Roseland, New Jersey",40.8206555,-74.2937594,ee2420
AZO,AutoZone Inc,Consumer Discretionary,Specialty Stores,"Memphis, Tennessee",35.1495343,-90.0489801,f38124
AVB,AvalonBay Communities,Real Estate,Residential REITs,"Arlington, Virginia[3]",38.8837425,-77.1030042,142f69
AVY,Avery Dennison Corp,Materials,Paper Packaging,"Glendale, California",34.1425078,-118.255075,d80024
BKR,Baker Hughes Co,Energy,Oil & Gas Equipment & Services,"Houston, Texas",29.7604267,-95.36980279999999,3c8d78
BLL,Ball Corp,Materials,Metal & Glass Containers,"Broomfield, Colorado",39.9205411,-105.0866504,069bb9
BAC,Bank of America Corp,Financials,Diversified Banks,"Charlotte, North Carolina",35.2270869,-80.8431267,e6102f
BK,The Bank of New York Mellon,Financials,Asset Management & Custody Banks,"New York, New York",40.7127753,-74.0059728,b07e25
BAX,Baxter International Inc.,Health Care,Health Care Equipment,"Deerfield, Illinois",42.171136499999996,-87.8445119,252869
BDX,Becton Dickinson,Health Care,Health Care Equipment,"Franklin Lakes, New Jersey",41.016763899999994,-74.2057011,f07923
BRKB,Berkshire Hathaway,Financials,Multi-Sector Holdings,"Kiewit Plaza, Omaha, Nebraska, U.S.",41.2664604,-95.935927,83667a
BBY,Best Buy Co. Inc.,Consumer Discretionary,Computer & Electronics Retail,"Richfield, Minnesota",44.8832982,-93.28300209999999,f4e918
BIO,Bio-Rad Laboratories,Health Care,Life Sciences Tools & Services,"Hercules, California",38.017144099999996,-122.28858079999999,cec9bd
BIIB,Biogen Inc.,Health Care,Biotechnology,"Cambridge, Massachusetts",42.373615799999996,-71.10973349999999,2b75b8
BLK,BlackRock,Financials,Asset Management & Custody Banks,"New York, New York",40.7127753,-74.0059728,020202
BA,Boeing Company,Industrials,Aerospace & Defense,"Chicago, Illinois",41.8781136,-87.62979820000001,002c80
BKNG,Booking Holdings Inc,Consumer Discretionary,Internet & Direct Marketing Retail,"Norwalk, Connecticut",41.117744,-73.4081575,058dd0
BWA,BorgWarner,Consumer Discretionary,Auto Parts & Equipment,"Auburn Hills, Michigan",42.6875323,-83.23410279999999,204080
BXP,Boston Properties,Real Estate,Office REITs,"Boston, Massachusetts",42.360082500000004,-71.0588801,c7c7c7
BSX,Boston Scientific,Health Care,Health Care Equipment,"Marlborough, Massachusetts[4]",42.3466552,-71.547722,07457e
BMY,Bristol-Myers Squibb,Health Care,Health Care Distributors,"New York, New York",40.7127753,-74.0059728,bfacbe
AVGO,Broadcom Inc.,Information Technology,Semiconductors,"San Jose, California",37.338208200000004,-121.88632859999998,656565
BR,Broadridge Financial Solutions,Information Technology,Data Processing & Outsourced Services,"Lake Success, New York",40.7698453,-73.70904279999999,014987
BFB,Brown-Forman Corp.,Consumer Staples,Distillers & Vintners,"Louisville, Kentucky",38.252664700000004,-85.7584557,986115
CHRW,C. H. Robinson Worldwide,Industrials,Air Freight & Logistics,"Eden Prairie, Minnesota",44.8546856,-93.470786,f57b20
COG,Cabot Oil & Gas,Energy,Oil & Gas Exploration & Production,"Houston, Texas",29.7604267,-95.36980279999999,093388
CDNS,Cadence Design Systems,Information Technology,Application Software,"San Jose, California",37.338208200000004,-121.88632859999998,151816
CZR,Caesars Entertainment,Consumer Discretionary,Casinos & Gaming,"Reno, Nevada",39.529632899999996,-119.8138027,929295
CPB,Campbell Soup,Consumer Staples,Packaged Foods & Meats,"Camden, New Jersey",39.9259463,-75.1196199,be1923
COF,Capital One Financial,Financials,Consumer Finance,"Tysons Corner, Virginia",38.9187222,-77.2310925,e22a00
CAH,Cardinal Health Inc.,Health Care,Health Care Distributors,"Dublin, Ohio",40.0992294,-83.11407709999999,f14f40
KMX,Carmax Inc,Consumer Discretionary,Specialty Stores,"Richmond, Virginia",37.540724600000004,-77.4360481,ffe200
CCL,Carnival Corp.,Consumer Discretionary,"Hotels, Resorts & Cruise Lines","Miami, Florida",25.7616798,-80.1917902,f20319
CARR,Carrier Global,Industrials,Building Products,"Palm Beach Gardens, Florida",26.839609600000003,-80.10191440000001,f19b3b
CTLT,Catalent,Health Care,Pharmaceuticals,"Somerset, New Jersey",40.497603999999995,-74.4884868,106cab
CAT,Caterpillar Inc.,Industrials,Construction Machinery & Heavy Trucks,"Deerfield, Illinois",42.171136499999996,-87.8445119,ffc501
CBOE,Cboe Global Markets,Financials,Financial Exchanges & Data,"Chicago, Illinois",41.8781136,-87.62979820000001,061b46
CBRE,CBRE Group,Real Estate,Real Estate Services,"Dallas, Texas",32.7766642,-96.7969879,006a4d
CDW,CDW,Information Technology,Technology Distributors,"Lincolnshire, Illinois",42.190024900000004,-87.90840390000001,cc0000
CE,Celanese,Materials,Specialty Chemicals,"Irving, Texas",32.814017699999994,-96.9488945,3a6234
CNC,Centene Corporation,Health Care,Managed Health Care,"St. Louis, Missouri",38.6270025,-90.1994042,024069
CNP,CenterPoint Energy,Utilities,Multi-Utilities,"Houston, Texas",29.7604267,-95.36980279999999,0098d6
CERN,Cerner,Health Care,Health Care Technology,"North Kansas City, Missouri",39.1429081,-94.5729781,929a7e
CF,CF Industries Holdings Inc,Materials,Fertilizers & Agricultural Chemicals,"Deerfield, Illinois",42.171136499999996,-87.8445119,0177c0
CRL,Charles River Laboratories,Health Care,Life Sciences Tools & Services,"Wilmington, Massachusetts",42.5481714,-71.17244670000001,80a5b3
SCHW,Charles Schwab Corporation,Financials,Investment Banking & Brokerage,"Westlake, Texas",32.991234999999996,-97.1950138,00a0df
CHTR,Charter Communications,Communication Services,Cable & Satellite,"Stamford, Connecticut",41.0534302,-73.53873409999999,01629c
CVX,Chevron Corp.,Energy,Integrated Oil & Gas,"San Ramon, California",37.7643595,-121.95396159999999,c30f20
CMG,Chipotle Mexican Grill,Consumer Discretionary,Restaurants,"Newport Beach, California",33.618882899999996,-117.9298493,a81814
CB,Chubb Limited,Financials,Property & Casualty Insurance,"Zurich, Switzerland",47.376886600000006,8.541694,f04e26
CHD,Church & Dwight,Consumer Staples,Household Products,"Ewing, New Jersey",40.2599864,-74.7909125,c81b47
CI,Cigna,Health Care,Managed Health Care,"Bloomfield, Connecticut",41.826488,-72.73009449999999,fa9800
CINF,Cincinnati Financial,Financials,Property & Casualty Insurance,"Fairfield, Ohio",39.345467299999996,-84.56031870000001,0199ca
CTAS,Cintas Corporation,Industrials,Diversified Support Services,"Mason, Ohio",39.3600586,-84.309939,021b67
CSCO,Cisco Systems,Information Technology,Communications Equipment,"San Jose, California",37.338208200000004,-121.88632859999998,84ebf1
C,Citigroup Inc.,Financials,Diversified Banks,"New York, New York",40.7127753,-74.0059728,db220b
CFG,Citizens Financial Group,Financials,Regional Banks,"Providence, Rhode Island",41.8239891,-71.4128343,00965e
CTXS,Citrix Systems,Information Technology,Application Software,"Fort Lauderdale, Florida",26.122438600000002,-80.13731740000001,2c99dc
CLX,The Clorox Company,Consumer Staples,Household Products,"Oakland, California",37.804351399999994,-122.27116389999999,0082c8
CME,CME Group Inc.,Financials,Financial Exchanges & Data,"Chicago, Illinois",41.8781136,-87.62979820000001,53abd1
CMS,CMS Energy,Utilities,Multi-Utilities,"Jackson, Michigan",42.245869,-84.4013462,0094d2
KO,Coca-Cola Company,Consumer Staples,Soft Drinks,"Atlanta, Georgia",33.7489954,-84.3879824,c7c7c7
CTSH,Cognizant Technology Solutions,Information Technology,IT Consulting & Other Services,"Teaneck, New Jersey",40.8932469,-74.0116536,6eb04b
CL,Colgate-Palmolive,Consumer Staples,Household Products,"New York, New York",40.7127753,-74.0059728,057bc2
CMCSA,Comcast Corp.,Communication Services,Cable & Satellite,"Philadelphia, Pennsylvania",39.9525839,-75.1652215,ea6d18
CMA,Comerica Inc.,Financials,Diversified Banks,"Dallas, Texas",32.7766642,-96.7969879,022b6a
CAG,Conagra Brands,Consumer Staples,Packaged Foods & Meats,"Chicago, Illinois",41.8781136,-87.62979820000001,e34030
COP,ConocoPhillips,Energy,Oil & Gas Exploration & Production,"Houston, Texas",29.7604267,-95.36980279999999,f23c3c
ED,Consolidated Edison,Utilities,Electric Utilities,"New York, New York",40.7127753,-74.0059728,009ad8
STZ,Constellation Brands,Consumer Staples,Distillers & Vintners,"Victor, New York",42.982563299999995,-77.40887940000002,0377bf
COO,The Cooper Companies,Health Care,Health Care Supplies,"San Ramon, California",37.7643595,-121.95396159999999,18468b
CPRT,Copart Inc,Industrials,Diversified Support Services,"Dallas, Texas",32.7766642,-96.7969879,c1d0de
GLW,Corning Inc.,Information Technology,Electronic Components,"Corning, New York",42.1428521,-77.05469029999999,005ed1
CTVA,Corteva,Materials,Fertilizers & Agricultural Chemicals,"Wilmington, Delaware",39.744655,-75.54839090000002,5d6a22
COST,Costco Wholesale Corp.,Consumer Staples,Hypermarkets & Super Centers,"Issaquah, Washington",47.5301011,-122.03261909999999,e31534
CCI,Crown Castle,Real Estate,Specialized REITs,"Houston, Texas",29.7604267,-95.36980279999999,56646e
CSX,CSX Corp.,Industrials,Railroads,"Jacksonville, Florida",30.3321838,-81.655651,104f8c
CMI,Cummins Inc.,Industrials,Industrial Machinery,"Columbus, Indiana",39.201440399999996,-85.9213796,010101
CVS,CVS Health,Health Care,Health Care Services,"Woonsocket, Rhode Island",42.0028761,-71.5147839,c59e9a
DHI,D. R. Horton,Consumer Discretionary,Homebuilding,"Arlington, Texas",32.735687,-97.10806559999999,182445
DHR,Danaher Corp.,Health Care,Health Care Equipment,"Washington, D.C.",38.9071923,-77.03687070000001,0f5b9b
DRI,Darden Restaurants,Consumer Discretionary,Restaurants,"Orlando, Florida",28.5383355,-81.3792365,8b181b
DVA,DaVita Inc.,Health Care,Health Care Facilities,"Denver, Colorado",39.739235799999996,-104.990251,f8aa12
DE,Deere & Co.,Industrials,Agricultural & Farm Machinery,"Moline, Illinois",41.5067003,-90.5151342,c7c7c7
DAL,Delta Air Lines Inc.,Industrials,Airlines,"Atlanta, Georgia",33.7489954,-84.3879824,c01831
XRAY,Dentsply Sirona,Health Care,Health Care Supplies,"Charlotte, North Carolina",35.2270869,-80.8431267,4c4e50
DVN,Devon Energy,Energy,Oil & Gas Exploration & Production,"Oklahoma City, Oklahoma",35.4675602,-97.5164276,b8b8b8
DXCM,DexCom,Health Care,Health Care Equipment,"San Diego, California",32.715738,-117.1610838,6bb23a
FANG,Diamondback Energy,Energy,Oil & Gas Exploration & Production,"Midland, Texas",31.9973456,-102.0779146,c7c7c7
DLR,Digital Realty Trust Inc,Real Estate,Specialized REITs,"Austin, Texas",30.267153000000004,-97.7430608,597aa1
DFS,Discover Financial Services,Financials,Consumer Finance,"Riverwoods, Illinois",42.167525399999995,-87.897014,f9a021
DISCA,"Discovery, Inc. (Series A)",Communication Services,Broadcasting,"New York, New York",40.7127753,-74.0059728,1675c4
DISCK,"Discovery, Inc. (Series C)",Communication Services,Broadcasting,"New York, New York",40.7127753,-74.0059728,f4b96b
DISH,Dish Network,Communication Services,Cable & Satellite,"Meridian, Colorado",39.546893700000005,-104.83957679999999,e31932
DG,Dollar General,Consumer Discretionary,General Merchandise Stores,"Goodlettsville, Tennessee",36.3231066,-86.7133302,fff000
DLTR,Dollar Tree,Consumer Discretionary,General Merchandise Stores,"Chesapeake, Virginia",36.7682088,-76.2874927,2d9c31
D,Dominion Energy,Utilities,Electric Utilities,"Richmond, Virginia",37.540724600000004,-77.4360481,2d6dba
DPZ,Domino's Pizza,Consumer Discretionary,Restaurants,"Ann Arbor, Michigan",42.2808256,-83.7430378,d2132d
DOV,Dover Corporation,Industrials,Industrial Machinery,"Downers Grove, Illinois",41.8089191,-88.01117459999999,c7c7c7
DOW,Dow Inc.,Materials,Commodity Chemicals,"Midland, Michigan",43.6155825,-84.24721159999999,f23c3c
DTE,DTE Energy Co.,Utilities,Multi-Utilities,"Detroit, Michigan",42.331427000000005,-83.0457538,1d3575
DUK,Duke Energy,Utilities,Electric Utilities,"Charlotte, North Carolina",35.2270869,-80.8431267,14bcd9
DRE,Duke Realty Corp,Real Estate,Industrial REITs,"Indianapolis, Indiana",39.768403,-86.158068,1f1b1c
DD,DuPont de Nemours Inc,Materials,Specialty Chemicals,"Wilmington, Delaware",39.744655,-75.54839090000002,c3896a
DXC,DXC Technology,Information Technology,IT Consulting & Other Services,"Tysons Corner, Virginia",38.9187222,-77.2310925,828282
EMN,Eastman Chemical,Materials,Diversified Chemicals,"Kingsport, Tennessee",36.548434,-82.5618186,ed1b30
ETN,Eaton Corporation,Industrials,Electrical Components & Equipment,"Dublin, Ireland",53.34980529999999,-6.2603097000000005,0266cc
EBAY,eBay Inc.,Consumer Discretionary,Internet & Direct Marketing Retail,"San Jose, California",37.338208200000004,-121.88632859999998,0b67d3
ECL,Ecolab Inc.,Materials,Specialty Chemicals,"St. Paul, Minnesota",44.953702899999996,-93.0899578,0099cc
EIX,Edison Int'l,Utilities,Electric Utilities,"Rosemead, California",34.0805651,-118.072846,92c582
EW,Edwards Lifesciences,Health Care,Health Care Equipment,"Irvine, California",33.6845673,-117.82650490000002,b1aaa4
EA,Electronic Arts,Communication Services,Interactive Home Entertainment,"Redwood City, California",37.484795500000004,-122.228141,bababa
EMR,Emerson Electric Company,Industrials,Electrical Components & Equipment,"Ferguson, Missouri",38.7442175,-90.3053915,145190
ENPH,Enphase Energy,Information Technology,Electronic Components,"Fremont, California",37.5485396,-121.988583,c7c7c7
ETR,Entergy Corp.,Utilities,Electric Utilities,"New Orleans, Louisiana",29.9510658,-90.0715323,fc7336
EOG,EOG Resources,Energy,Oil & Gas Exploration & Production,"Houston, Texas",29.7604267,-95.36980279999999,ee3225
EFX,Equifax Inc.,Industrials,Research & Consulting Services,"Atlanta, Georgia",33.7489954,-84.3879824,c7c7c7
EQIX,Equinix,Real Estate,Specialized REITs,"Redwood City, California",37.484795500000004,-122.228141,323948
EQR,Equity Residential,Real Estate,Residential REITs,"Chicago, Illinois",41.8781136,-87.62979820000001,d2ae4f
ESS,"Essex Property Trust, Inc.",Real Estate,Residential REITs,"San Mateo, California",37.562991700000005,-122.32552539999999,0b0b0b
EL,Estée Lauder Companies,Consumer Staples,Personal Products,"New York, New York",40.7127753,-74.0059728,020202
ETSY,Etsy,Consumer Discretionary,Internet & Direct Marketing Retail,"Brooklyn, New York",40.6781784,-73.94415790000001,d5651d
EVRG,Evergy,Utilities,Electric Utilities,"Kansas City, Missouri",39.0997265,-94.5785667,038cda
ES,Eversource Energy,Utilities,Multi-Utilities,"Hartford, Connecticut",41.76580429999999,-72.6733723,00aced
RE,Everest Re Group Ltd.,Financials,Reinsurance,"Hamilton, Bermuda",32.2945837,-64.7858887,5a7ca1
EXC,Exelon Corp.,Utilities,Multi-Utilities,"Chicago, Illinois",41.8781136,-87.62979820000001,f77917
EXPE,Expedia Group,Consumer Discretionary,Internet & Direct Marketing Retail,"Seattle, Washington",47.6062095,-122.33207079999998,020299
EXPD,Expeditors,Industrials,Air Freight & Logistics,"Seattle, Washington",47.6062095,-122.33207079999998,ed3f37
EXR,Extra Space Storage,Real Estate,Specialized REITs,"Salt Lake City, Utah",40.760779299999996,-111.89104740000002,2f8ac3
XOM,Exxon Mobil Corp.,Energy,Integrated Oil & Gas,"Irving, Texas",32.814017699999994,-96.9488945,ee1729
FFIV,F5 Networks,Information Technology,Communications Equipment,"Seattle, Washington",47.6062095,-122.33207079999998,b20838
FB,"Facebook, Inc.",Communication Services,Interactive Media & Services,"Menlo Park, California",37.4529598,-122.1817252,3b5998
FAST,Fastenal Co,Industrials,Building Products,"Winona, Minnesota",44.0553908,-91.6663523,07639f
FRT,Federal Realty Investment Trust,Real Estate,Retail REITs,"Rockville, Maryland",39.0839973,-77.1527578,b3a789
FDX,FedEx Corporation,Industrials,Air Freight & Logistics,"Memphis, Tennessee",35.1495343,-90.0489801,ea0f14
FIS,Fidelity National Information Services,Information Technology,Data Processing & Outsourced Services,"Jacksonville, Florida",30.3321838,-81.655651,99c953
FITB,Fifth Third Bancorp,Financials,Regional Banks,"Cincinnati, Ohio",39.103118200000004,-84.5120196,164399
FE,FirstEnergy Corp,Utilities,Electric Utilities,"Akron, Ohio",41.081444700000006,-81.51900529999999,1b5dac
FRC,First Republic Bank,Financials,Regional Banks,"San Francisco, California",37.7749295,-122.4194155,d4d2a7
FISV,Fiserv Inc,Information Technology,Data Processing & Outsourced Services,"Brookfield, Wisconsin",43.0605671,-88.1064787,fe6603
FLT,FleetCor Technologies Inc,Information Technology,Data Processing & Outsourced Services,"Norcross, Georgia",33.9411081,-84.2137443,fc7336
FMC,FMC Corporation,Materials,Fertilizers & Agricultural Chemicals,"Philadelphia, Pennsylvania",39.9525839,-75.1652215,e83524
F,Ford Motor Company,Consumer Discretionary,Automobile Manufacturers,"Dearborn, Michigan",42.3222599,-83.1763145,3a88c5
FTNT,Fortinet,Information Technology,Systems Software,"Sunnyvale, California",37.368829999999996,-122.03634960000001,c7c7c7
FTV,Fortive Corp,Industrials,Industrial Machinery,"Everett, Washington",47.9789848,-122.2020795,7bac76
FBHS,Fortune Brands Home & Security,Industrials,Building Products,"Deerfield, Illinois",42.171136499999996,-87.8445119,e5a653
FOXA,Fox Corporation (Class A),Communication Services,Movies & Entertainment,"New York, New York",40.7127753,-74.0059728,a34219
FOX,Fox Corporation (Class B),Communication Services,Movies & Entertainment,"New York, New York",40.7127753,-74.0059728,a34219
BEN,Franklin Resources,Financials,Asset Management & Custody Banks,"San Mateo, California",37.562991700000005,-122.32552539999999,dea154
FCX,Freeport-McMoRan Inc.,Materials,Copper,"Phoenix, Arizona",33.4483771,-112.07403729999999,01aeef
GPS,Gap Inc.,Consumer Discretionary,Apparel Retail,"San Francisco, California",37.7749295,-122.4194155,00285e
GRMN,Garmin Ltd.,Consumer Discretionary,Consumer Electronics,"Schaffhausen, Switzerland",47.6958897,8.6380489,007cc3
IT,Gartner Inc,Information Technology,IT Consulting & Other Services,"Stamford, Connecticut",41.0534302,-73.53873409999999,036498
GNRC,Generac Holdings,Industrials,Electrical Components & Equipment,"Waukesha, Wisconsin",43.0116784,-88.2314813,c97946
GD,General Dynamics,Industrials,Aerospace & Defense,"Falls Church, Virginia",38.882334,-77.17109140000001,132c8e
GE,General Electric,Industrials,Industrial Conglomerates,"Boston, Massachusetts",42.360082500000004,-71.0588801,3199d8
GIS,General Mills,Consumer Staples,Packaged Foods & Meats,"Golden Valley, Minnesota",44.9917149,-93.36000340000001,e21f26
GM,General Motors,Consumer Discretionary,Automobile Manufacturers,"Detroit, Michigan",42.331427000000005,-83.0457538,132c8e
GPC,Genuine Parts,Consumer Discretionary,Specialty Stores,"Atlanta, Georgia",33.7489954,-84.3879824,fdb826
GILD,Gilead Sciences,Health Care,Biotechnology,"Foster City, California",37.558546500000006,-122.2710788,c80037
GL,Globe Life Inc.,Financials,Life & Health Insurance,"McKinney, Texas",33.1983388,-96.63893420000001,024e85
GPN,Global Payments Inc.,Information Technology,Data Processing & Outsourced Services,"Atlanta, Georgia",33.7489954,-84.3879824,0e4881
GS,Goldman Sachs Group,Financials,Investment Banking & Brokerage,"New York, New York",40.7127753,-74.0059728,7399c6
GWW,Grainger (W.W.) Inc.,Industrials,Industrial Machinery,"Lake Forest, Illinois",42.2586342,-87.840625,be2122
HAL,Halliburton Co.,Energy,Oil & Gas Equipment & Services,"Houston, Texas",29.7604267,-95.36980279999999,ed171f
HBI,Hanesbrands Inc,Consumer Discretionary,"Apparel, Accessories & Luxury Goods","Winston-Salem, North Carolina",36.0998596,-80.24421600000001,ed2224
HIG,Hartford Financial Svc.Gp.,Financials,Property & Casualty Insurance,"Hartford, Connecticut",41.76580429999999,-72.6733723,802428
HAS,Hasbro Inc.,Consumer Discretionary,Leisure Products,"Pawtucket, Rhode Island",41.878710999999996,-71.38255579999999,0688c0
HCA,HCA Healthcare,Health Care,Health Care Facilities,"Nashville, Tennessee",36.1626638,-86.78160159999999,137bac
PEAK,Healthpeak Properties,Real Estate,Health Care REITs,"Long Beach, California",33.770050399999995,-118.1937395,ca0e12
HSIC,Henry Schein,Health Care,Health Care Distributors,"Melville, New York",40.793432200000005,-73.4151214,8994d0
HSY,The Hershey Company,Consumer Staples,Packaged Foods & Meats,"Hershey, Pennsylvania",40.2859239,-76.6502468,400009
HES,Hess Corporation,Energy,Integrated Oil & Gas,"New York, New York",40.7127753,-74.0059728,028a5e
HPE,Hewlett Packard Enterprise,Information Technology,"Technology Hardware, Storage & Peripherals","Houston, Texas",29.7604267,-95.36980279999999,00b388
HLT,Hilton Worldwide Holdings Inc,Consumer Discretionary,"Hotels, Resorts & Cruise Lines","Tysons Corner, Virginia",38.9187222,-77.2310925,022a4d
OGN,Organon Co,Health Care,Pharmaceuticals,,,,
HOLX,Hologic,Health Care,Health Care Equipment,"Marlborough, Massachusetts",42.3459271,-71.55228740000001,86c1bf
HD,Home Depot,Consumer Discretionary,Home Improvement Retail,"Atlanta, Georgia",33.7489954,-84.3879824,ef6425
HON,Honeywell Int'l Inc.,Industrials,Industrial Conglomerates,"Charlotte, North Carolina",35.2270869,-80.8431267,c3c8cc
HRL,Hormel Foods Corp.,Consumer Staples,Packaged Foods & Meats,"Austin, Minnesota",43.6666296,-92.9746367,d22229
HST,Host Hotels & Resorts,Real Estate,Hotel & Resort REITs,"Bethesda, Maryland",38.984652000000004,-77.09470920000001,c7c7c7
HWM,Howmet Aerospace,Industrials,Aerospace & Defense,"Pittsburgh, Pennsylvania",40.440624799999995,-79.9958864,18a9c2
HPQ,HP Inc.,Information Technology,"Technology Hardware, Storage & Peripherals","Palo Alto, California",37.441883399999995,-122.14301950000001,0196d6
HUM,Humana Inc.,Health Care,Managed Health Care,"Louisville, Kentucky",38.252664700000004,-85.7584557,c1176b
HBAN,Huntington Bancshares,Financials,Regional Banks,"Columbus, Ohio",39.9611755,-82.9987942,66bd29
HII,Huntington Ingalls Industries,Industrials,Aerospace & Defense,"Newport News, Virginia",37.087082099999996,-76.4730122,e6b53b
IEX,IDEX Corporation,Industrials,Industrial Machinery,"Lake Forest, Illinois",42.2586342,-87.840625,dea154
IDXX,Idexx Laboratories,Health Care,Health Care Equipment,"Westbrook, Maine",43.6770252,-70.3711617,c7c7c7
INFO,IHS Markit,Industrials,Research & Consulting Services,"London, United Kingdom",51.5073509,-0.12775830000000002,828f89
ITW,Illinois Tool Works,Industrials,Industrial Machinery,"Glenview, Illinois",42.0778065,-87.8223368,6e0f1a
ILMN,Illumina Inc,Health Care,Life Sciences Tools & Services,"San Diego, California",32.715738,-117.1610838,9a7a5b
INCY,Incyte,Health Care,Biotechnology,"Wilmington, Delaware",39.744655,-75.54839090000002,ce3a3a
IR,Ingersoll Rand,Industrials,Industrial Machinery,"Milwaukee, Wisconsin",43.0389025,-87.9064736,4f292c
INTC,Intel Corp.,Information Technology,Semiconductors,"Santa Clara, California",37.354107899999995,-121.9552356,0883d2
ICE,Intercontinental Exchange,Financials,Financial Exchanges & Data,"Atlanta, Georgia",33.7489954,-84.3879824,74c7e7
IBM,International Business Machines,Information Technology,IT Consulting & Other Services,"Armonk, New York",41.1264849,-73.71401949999999,0530ad
IP,International Paper,Materials,Paper Packaging,"Memphis, Tennessee",35.1495343,-90.0489801,151313
IPG,Interpublic Group,Communication Services,Advertising,"New York, New York",40.7127753,-74.0059728,1477c6
IFF,International Flavors & Fragrances,Materials,Specialty Chemicals,"New York, New York",40.7127753,-74.0059728,007fc7
INTU,Intuit Inc.,Information Technology,Application Software,"Mountain View, California",37.3860517,-122.08385109999999,97a8b7
ISRG,Intuitive Surgical Inc.,Health Care,Health Care Equipment,"Sunnyvale, California",37.368829999999996,-122.03634960000001,0f0f0f
IVZ,Invesco Ltd.,Financials,Asset Management & Custody Banks,"Atlanta, Georgia",33.7489954,-84.3879824,5149c9
IPGP,IPG Photonics Corp.,Information Technology,Electronic Manufacturing Services,"Oxford, Massachusetts",42.116760600000006,-71.8647577,062f7e
IQV,IQVIA Holdings Inc.,Health Care,Life Sciences Tools & Services,"Durham, North Carolina",35.99403289999999,-78.898619,137bac
IRM,Iron Mountain Incorporated,Real Estate,Specialized REITs,"Boston, Massachusetts",42.360082500000004,-71.0588801,0f466f
JKHY,Jack Henry & Associates,Information Technology,Data Processing & Outsourced Services,"Monett, Missouri",36.9289502,-93.9277071,163265
J,Jacobs Engineering Group,Industrials,Construction & Engineering,"Dallas, Texas",32.7766642,-96.7969879,00338d
JBHT,J. B. Hunt Transport Services,Industrials,Trucking,"Lowell, Arkansas",36.25535429999999,-94.1307587,ffdb01
SJM,JM Smucker,Consumer Staples,Packaged Foods & Meats,"Orrville, Ohio",40.843666299999995,-81.7640212,ed3f43
JNJ,Johnson & Johnson,Health Care,Pharmaceuticals,"New Brunswick, New Jersey",40.4862157,-74.4518188,d81500
JCI,Johnson Controls International,Industrials,Building Products,"Cork, Ireland",51.898514299999995,-8.4756035,7cb900
JPM,JPMorgan Chase & Co.,Financials,Diversified Banks,"New York, New York",40.7127753,-74.0059728,1f5997
JNPR,Juniper Networks,Information Technology,Communications Equipment,"Sunnyvale, California",37.368829999999996,-122.03634960000001,c7c7c7
KSU,Kansas City Southern,Industrials,Railroads,"Kansas City, Missouri",39.0997265,-94.5785667,f2a40c
K,Kellogg Co.,Consumer Staples,Packaged Foods & Meats,"Battle Creek, Michigan",42.32115220000001,-85.17971419999999,1d6ca8
KEY,KeyCorp,Financials,Regional Banks,"Cleveland, Ohio",41.499320000000004,-81.6943605,cc0000
KEYS,Keysight Technologies,Information Technology,Electronic Equipment & Instruments,"Santa Rosa, California",38.440428999999995,-122.7140548,e50a26
KMB,Kimberly-Clark,Consumer Staples,Household Products,"Irving, Texas",32.814017699999994,-96.9488945,3f94cb
KIM,Kimco Realty,Real Estate,Retail REITs,"New Hyde Park, New York",40.735101799999995,-73.68790820000001,798aa5
KMI,Kinder Morgan,Energy,Oil & Gas Storage & Transportation,"Houston, Texas",29.7604267,-95.36980279999999,d93a31
KLAC,KLA Corporation,Information Technology,Semiconductor Equipment,"Milpitas, California",37.4323341,-121.8995741,3694c7
KHC,Kraft Heinz Co,Consumer Staples,Packaged Foods & Meats,"Chicago, Illinois;혻Pittsburgh, Pennsylvania",0.0,0.0,f72100
KR,Kroger Co.,Consumer Staples,Food Retail,"Cincinnati, Ohio",39.103118200000004,-84.5120196,0c4b99
LB,L Brands Inc.,Consumer Discretionary,Apparel Retail,"Columbus, Ohio",39.9611755,-82.9987942,0e2560
LHX,L3Harris Technologies,Industrials,Aerospace & Defense,"Melbourne, Florida",28.0836269,-80.6081089,c27e7f
LH,Laboratory Corp. of America Holding,Health Care,Health Care Services,"Burlington, North Carolina",36.095384100000004,-79.4381515,007da4
LRCX,Lam Research,Information Technology,Semiconductor Equipment,"Fremont, California",37.5485396,-121.988583,025187
LW,Lamb Weston Holdings Inc,Consumer Staples,Packaged Foods & Meats,"Eagle, Idaho",43.6954424,-116.3540138,f78c1b
LVS,Las Vegas Sands,Consumer Discretionary,Casinos & Gaming,"Las Vegas, Nevada",36.169941200000004,-115.13982959999998,9e886d
LEG,Leggett & Platt,Consumer Discretionary,Home Furnishings,"Carthage, Missouri",37.176446999999996,-94.3102228,f65447
LDOS,Leidos Holdings,Industrials,Diversified Support Services,"Reston, Virginia",38.9586307,-77.35700279999999,850f88
LEN,Lennar Corp.,Consumer Discretionary,Homebuilding,"Miami, Florida",25.7616798,-80.1917902,005daa
LLY,Lilly (Eli) & Co.,Health Care,Pharmaceuticals,"Indianapolis, Indiana",39.768403,-86.158068,f01716
LNC,Lincoln National,Financials,Multi-line Insurance,"Radnor, Pennsylvania",40.043912,-75.37545990000001,98012e
LIN,Linde plc,Materials,Industrial Gases,"Guildford, Surrey, United Kingdom",51.23622,-0.570409,2d6fc5
LYV,Live Nation Entertainment,Communication Services,Movies & Entertainment,"Beverly Hills, California",34.073620399999996,-118.40035630000001,e71c3a
LKQ,LKQ Corporation,Consumer Discretionary,Distributors,"Chicago, Illinois",41.8781136,-87.62979820000001,025496
LMT,Lockheed Martin Corp.,Industrials,Aerospace & Defense,"Bethesda, Maryland",38.984652000000004,-77.09470920000001,005bad
L,Loews Corp.,Financials,Multi-line Insurance,"New York, New York",40.7127753,-74.0059728,104e91
LOW,Lowe's Cos.,Consumer Discretionary,Home Improvement Retail,"Mooresville, North Carolina",35.5859146,-80.80814129999999,04478f
LUMN,Lumen Technologies,Communication Services,Alternative Carriers,"Monroe, Louisiana",32.5093109,-92.1193012,b6a197
LYB,LyondellBasell,Materials,Specialty Chemicals,"Rotterdam, Netherlands",51.9244201,4.4777325999999995,556a76
MTB,M&T Bank,Financials,Regional Banks,"Buffalo, New York",42.8864468,-78.8783689,027856
MRO,Marathon Oil Corp.,Energy,Oil & Gas Exploration & Production,"Houston, Texas",29.7604267,-95.36980279999999,f00d4b
MPC,Marathon Petroleum,Energy,Oil & Gas Refining & Marketing,"Findlay, Ohio",41.04422,-83.6499321,f00d4b
MKTX,MarketAxess,Financials,Financial Exchanges & Data,"New York, New York",40.7127753,-74.0059728,1e282f
MAR,Marriott International,Consumer Discretionary,"Hotels, Resorts & Cruise Lines","Bethesda, Maryland",38.984652000000004,-77.09470920000001,b41f3a
MMC,Marsh & McLennan,Financials,Insurance Brokers,"New York, New York",40.7127753,-74.0059728,028bb3
MLM,Martin Marietta Materials,Materials,Construction Materials,"Raleigh, North Carolina",35.7795897,-78.6381787,0089cd
MAS,Masco Corp.,Industrials,Building Products,"Livonia, Michigan",42.36837,-83.3527097,0469b7
MA,Mastercard Inc.,Information Technology,Data Processing & Outsourced Services,"Harrison, New York",40.9700171,-73.71763370000001,eb011a
MKC,McCormick & Co.,Consumer Staples,Packaged Foods & Meats,"Hunt Valley, Maryland",39.490001299999996,-76.6585074,7f574d
MXIM,Maxim Integrated Products,Information Technology,Semiconductors,"San Jose, California",37.338208200000004,-121.88632859999998,1db4af
MCD,McDonald's Corp.,Consumer Discretionary,Restaurants,"Chicago, Illinois",41.8781136,-87.62979820000001,c0b790
MCK,McKesson Corp.,Health Care,Health Care Distributors,"Irving, Texas",32.814017699999994,-96.9488945,f2912f
MDT,Medtronic plc,Health Care,Health Care Equipment,"Dublin,혻Ireland",53.34980529999999,-6.2603097000000005,c7c7c7
MRK,Merck & Co.,Health Care,Pharmaceuticals,"Kenilworth, New Jersey",40.6764911,-74.2907032,117771
MET,MetLife Inc.,Financials,Life & Health Insurance,"New York, New York",40.7127753,-74.0059728,0177bf
MTD,Mettler Toledo,Health Care,Life Sciences Tools & Services,"Columbus, Ohio",39.9611755,-82.9987942,65a64b
MGM,MGM Resorts International,Consumer Discretionary,Casinos & Gaming,"Paradise, Nevada",36.0971945,-115.14666480000001,b1801e
MCHP,Microchip Technology,Information Technology,Semiconductors,"Chandler, Arizona",33.3061605,-111.8412502,1d1d1d
MU,Micron Technology,Information Technology,Semiconductors,"Boise, Idaho",43.6150186,-116.2023137,0178c8
MSFT,Microsoft Corp.,Information Technology,Systems Software,"Redmond, Washington",47.6739881,-122.12151200000001,f9840f
MAA,Mid-America Apartments,Real Estate,Residential REITs,"Memphis, Tennessee",35.1495343,-90.0489801,a67131
MHK,Mohawk Industries,Consumer Discretionary,Home Furnishings,"Calhoun, Georgia",34.502587,-84.9510542,e51a38
TAP,Molson Coors Beverage Company,Consumer Staples,Brewers,"Denver, Colorado",39.739235799999996,-104.990251,fab013
MDLZ,Mondelez International,Consumer Staples,Packaged Foods & Meats,"Chicago, Illinois",41.8781136,-87.62979820000001,d01313
MPWR,Monolithic Power Systems,Information Technology,Semiconductors,"Kirkland, Washington",47.6768927,-122.20598329999999,242528
MNST,Monster Beverage,Consumer Staples,Soft Drinks,"Corona, California",33.8752935,-117.56643840000001,89cc43
MCO,Moody's Corp,Financials,Financial Exchanges & Data,"New York, New York",40.7127753,-74.0059728,0028a1
MS,Morgan Stanley,Financials,Investment Banking & Brokerage,"New York, New York",40.7127753,-74.0059728,121d42
MOS,The Mosaic Company,Materials,Fertilizers & Agricultural Chemicals,"Tampa, Florida",27.950575,-82.4571776,a37d07
MSI,Motorola Solutions Inc.,Information Technology,Communications Equipment,"Chicago, Illinois",41.8781136,-87.62979820000001,000000
MSCI,MSCI Inc,Financials,Financial Exchanges & Data,"New York, New York",40.7127753,-74.0059728,c7c7c7
NDAQ,"Nasdaq, Inc.",Financials,Financial Exchanges & Data,"New York, New York",40.7127753,-74.0059728,325c95
NTAP,NetApp,Information Technology,"Technology Hardware, Storage & Peripherals","Sunnyvale, California",37.368829999999996,-122.03634960000001,789fd3
NFLX,Netflix Inc.,Communication Services,Movies & Entertainment,"Los Gatos, California",37.235807799999996,-121.96237509999999,dd0813
NWL,Newell Brands,Consumer Discretionary,Housewares & Specialties,"Atlanta, Georgia",33.7489954,-84.3879824,298dc1
NEM,Newmont Corporation,Materials,Gold,"Denver, Colorado",39.739235799999996,-104.990251,002783
NWSA,News Corp (Class A),Communication Services,Publishing,"New York, New York",40.7127753,-74.0059728,fc7336
NWS,News Corp (Class B),Communication Services,Publishing,"New York, New York",40.7127753,-74.0059728,090a0c
NEE,NextEra Energy,Utilities,Multi-Utilities,"Juno Beach, Florida",26.879781899999998,-80.0533743,0097da
NLSN,Nielsen Holdings,Industrials,Research & Consulting Services,"New York, New York",40.7127753,-74.0059728,00aeff
NKE,"Nike, Inc.",Consumer Discretionary,"Apparel, Accessories & Luxury Goods","Washington County, Oregon",45.5469616,-123.1386021,e51921
NI,NiSource Inc.,Utilities,Multi-Utilities,"Merrillville, Indiana",41.482814399999995,-87.3328139,3366a6
NSC,Norfolk Southern Corp.,Industrials,Railroads,"Norfolk, Virginia",36.8507689,-76.28587259999999,889098
NTRS,Northern Trust Corp.,Financials,Asset Management & Custody Banks,"Chicago, Illinois",41.8781136,-87.62979820000001,115740
NOC,Northrop Grumman,Industrials,Aerospace & Defense,"West Falls Church, Virginia",38.8645565,-77.1877587,0069b0
NLOK,NortonLifeLock,Information Technology,Application Software,"Tempe, Arizona",33.4255104,-111.9400054,ea930b
NCLH,Norwegian Cruise Line Holdings,Consumer Discretionary,"Hotels, Resorts & Cruise Lines","Miami, Florida",25.7616798,-80.1917902,34636e
NOV,NOV Inc.,Energy,Oil & Gas Equipment & Services,"Houston, Texas",29.7604267,-95.36980279999999,fa7e80
NRG,NRG Energy,Utilities,Independent Power Producers & Energy Traders,"Houston, Texas",29.7604267,-95.36980279999999,020202
NUE,Nucor Corp.,Materials,Steel,"Charlotte, North Carolina",35.2270869,-80.8431267,413e36
NVDA,Nvidia Corporation,Information Technology,Semiconductors,"Santa Clara, California",37.354107899999995,-121.9552356,76b900
NVR,"NVR, Inc.",Consumer Discretionary,Homebuilding,"Reston, Virginia",38.9586307,-77.35700279999999,612a63
NXPI,NXP Semiconductors,Information Technology,Semiconductors,"Eindhoven, Netherlands",51.441642,5.4697225,e5c10a
ORLY,O'Reilly Automotive,Consumer Discretionary,Specialty Stores,"Springfield, Missouri",37.20895720000001,-93.2922989,cb232c
OXY,Occidental Petroleum,Energy,Oil & Gas Exploration & Production,"Houston, Texas",29.7604267,-95.36980279999999,ed1b2d
ODFL,Old Dominion Freight Line,Industrials,Trucking,"Thomasville, North Carolina",35.8826369,-80.0819879,a47b58
OMC,Omnicom Group,Communication Services,Advertising,"New York, New York",40.7127753,-74.0059728,6f6f6f
OKE,Oneok,Energy,Oil & Gas Storage & Transportation,"Tulsa, Oklahoma",36.1539816,-95.992775,0193d0
ORCL,Oracle Corp.,Information Technology,Application Software,"Austin, Texas",30.267153000000004,-97.7430608,e10000
OTIS,Otis Worldwide,Industrials,Industrial Machinery,"Farmington, Connecticut",41.7360305,-72.795027,0447db
PCAR,Paccar,Industrials,Construction Machinery & Heavy Trucks,"Bellevue, Washington",47.6101497,-122.2015159,4b4b4b
PKG,Packaging Corporation of America,Materials,Paper Packaging,"Lake Forest, Illinois",42.2586342,-87.840625,153471
PH,Parker-Hannifin,Industrials,Industrial Machinery,"Cleveland, Ohio",41.499320000000004,-81.6943605,3e3731
PAYX,Paychex Inc.,Information Technology,Data Processing & Outsourced Services,"Penfield, New York",43.1303407,-77.475551,2c4a7e
PAYC,Paycom,Information Technology,Application Software,"Oklahoma City, Oklahoma",35.4675602,-97.5164276,03ba63
PYPL,PayPal,Information Technology,Data Processing & Outsourced Services,"San Jose, California",37.338208200000004,-121.88632859999998,c7e9eb
PENN,Penn National Gaming,Consumer Discretionary,Casinos & Gaming,"Wyomissing, Pennsylvania",40.329537,-75.96521170000001,79736a
PNR,Pentair plc,Industrials,Industrial Machinery,"Worsley, UK",53.507540000000006,-2.3911990000000003,c7c7c7
PBCT,People's United Financial,Financials,Thrifts & Mortgage Finance,"Bridgeport, Connecticut",41.1792258,-73.18943840000001,9d2336
PEP,PepsiCo Inc.,Consumer Staples,Soft Drinks,"Purchase, New York",41.0400135,-73.71444770000001,eb0025
PKI,PerkinElmer,Health Care,Health Care Equipment,"Waltham, Massachusetts",42.376485200000005,-71.2356113,fc7336
PRGO,Perrigo,Health Care,Pharmaceuticals,"Dublin, Ireland",53.34980529999999,-6.2603097000000005,92c582
PFE,Pfizer Inc.,Health Care,Pharmaceuticals,"New York, New York",40.7127753,-74.0059728,e51258
PM,Philip Morris International,Consumer Staples,Tobacco,"New York, New York",40.7127753,-74.0059728,4ea2da
PSX,Phillips 66,Energy,Oil & Gas Refining & Marketing,"Houston, Texas",29.7604267,-95.36980279999999,cd2623
PNW,Pinnacle West Capital,Utilities,Multi-Utilities,"Phoenix, Arizona",33.4483771,-112.07403729999999,7859bd
PXD,Pioneer Natural Resources,Energy,Oil & Gas Exploration & Production,"Irving, Texas",32.814017699999994,-96.9488945,445d37
PNC,PNC Financial Services,Financials,Regional Banks,"Pittsburgh, Pennsylvania",40.440624799999995,-79.9958864,ff5503
POOL,Pool Corporation,Consumer Discretionary,Distributors,"Covington, Louisiana",30.4754702,-90.1009108,67afb4
PPG,PPG Industries,Materials,Specialty Chemicals,"Pittsburgh, Pennsylvania",40.440624799999995,-79.9958864,5a728b
PPL,PPL Corp.,Utilities,Electric Utilities,"Allentown, Pennsylvania",40.6022939,-75.4714098,1b83c5
PFG,Principal Financial Group,Financials,Life & Health Insurance,"Des Moines, Iowa",41.5868353,-93.6249593,0199ca
PG,Procter & Gamble,Consumer Staples,Personal Products,"Cincinnati, Ohio",39.103118200000004,-84.5120196,0037b1
PGR,Progressive Corp.,Financials,Property & Casualty Insurance,"Mayfield Village, Ohio",41.55199520000001,-81.4392828,0053ba
PLD,Prologis,Real Estate,Industrial REITs,"San Francisco, California",37.7749295,-122.4194155,c7c7c7
PRU,Prudential Financial,Financials,Life & Health Insurance,"Newark, New Jersey",40.735657,-74.1723667,0078c4
PTC,PTC Inc.,Information Technology,Application Software,"Boston, Massachusetts",42.360082500000004,-71.0588801,0afd0a
PEG,Public Service Enterprise Group (PSEG),Utilities,Electric Utilities,"Newark, New Jersey",40.735657,-74.1723667,ef9063
PSA,Public Storage,Real Estate,Specialized REITs,"Glendale, California",34.1425078,-118.255075,9db7c5
PHM,PulteGroup,Consumer Discretionary,Homebuilding,"Atlanta, Georgia",33.7489954,-84.3879824,e09e32
PVH,PVH Corp.,Consumer Discretionary,"Apparel, Accessories & Luxury Goods","New York, New York",40.7127753,-74.0059728,ae9183
QRVO,Qorvo,Information Technology,Semiconductors,"Greensboro, North Carolina",36.072635399999996,-79.79197540000001,020202
PWR,Quanta Services Inc.,Industrials,Construction & Engineering,"Houston, Texas",29.7604267,-95.36980279999999,ed1a2c
QCOM,Qualcomm,Information Technology,Semiconductors,"San Diego, California",32.715738,-117.1610838,2c51dc
DGX,Quest Diagnostics,Health Care,Health Care Services,"Secaucus, New Jersey",40.7895453,-74.05652979999999,baca33
RL,Ralph Lauren Corporation,Consumer Discretionary,"Apparel, Accessories & Luxury Goods","New York, New York",40.7127753,-74.0059728,070707
RJF,Raymond James Financial,Financials,Investment Banking & Brokerage,"St. Petersburg, Florida",27.767600800000004,-82.6402915,002949
RTX,Raytheon Technologies,Industrials,Aerospace & Defense,"Waltham, Massachusetts",42.376485200000005,-71.2356113,eb0a1d
O,Realty Income Corporation,Real Estate,Retail REITs,"San Diego, California",32.715738,-117.1610838,ee1b2e
REG,Regency Centers Corporation,Real Estate,Retail REITs,"Jacksonville, Florida",30.3321838,-81.655651,e44e0b
REGN,Regeneron Pharmaceuticals,Health Care,Biotechnology,"Tarrytown, New York",41.076207700000005,-73.85874609999999,c1a37e
RF,Regions Financial Corp.,Financials,Regional Banks,"Birmingham, Alabama",33.5185892,-86.8103567,84bd00
RSG,Republic Services Inc,Industrials,Environmental & Facilities Services,"Phoenix, Arizona",33.4483771,-112.07403729999999,e81242
RMD,ResMed,Health Care,Health Care Equipment,"San Diego, California",32.715738,-117.1610838,e72235
RHI,Robert Half International,Industrials,Human Resource & Employment Services,"Menlo Park, California",37.4529598,-122.1817252,c7c7c7
ROK,Rockwell Automation Inc.,Industrials,Electrical Components & Equipment,"Milwaukee, Wisconsin",43.0389025,-87.9064736,c43e48
ROL,"Rollins, Inc.",Industrials,Environmental & Facilities Services,"Atlanta, Georgia",33.7489954,-84.3879824,fb6c3b
ROP,Roper Technologies,Industrials,Industrial Conglomerates,"Sarasota, Florida",27.3364347,-82.5306527,c97946
ROST,Ross Stores,Consumer Discretionary,Apparel Retail,"Dublin, California",37.7159396,-121.9101221,468cc6
RCL,Royal Caribbean Group,Consumer Discretionary,"Hotels, Resorts & Cruise Lines","Miami, Florida",25.7616798,-80.1917902,0649bf
SPGI,S&P Global Inc.,Financials,Financial Exchanges & Data,"New York, New York",40.7127753,-74.0059728,c7c7c7
CRM,Salesforce.com,Information Technology,Application Software,"San Francisco, California",37.7749295,-122.4194155,019edb
SBAC,SBA Communications,Real Estate,Specialized REITs,"Boca Raton, Florida",26.3683064,-80.1289321,cc0301
SLB,Schlumberger Ltd.,Energy,Oil & Gas Equipment & Services,"Cura챌ao,혻Kingdom of the Netherlands",12.16957,-68.99002,003366
STX,Seagate Technology,Information Technology,"Technology Hardware, Storage & Peripherals","Dublin, Ireland",53.34980529999999,-6.2603097000000005,e8e6d3
SEE,Sealed Air,Materials,Paper Packaging,"Charlotte, North Carolina",35.2270869,-80.8431267,d4c836
SRE,Sempra Energy,Utilities,Multi-Utilities,"San Diego, California",32.715738,-117.1610838,e01049
NOW,ServiceNow,Information Technology,Systems Software,"Santa Clara, California",37.354107899999995,-121.9552356,80b6a1
SHW,Sherwin-Williams,Materials,Specialty Chemicals,"Cleveland, Ohio",41.499320000000004,-81.6943605,ef4135
SPG,Simon Property Group Inc,Real Estate,Retail REITs,"Indianapolis, Indiana",39.768403,-86.158068,c7c7c7
SWKS,Skyworks Solutions,Information Technology,Semiconductors,"Woburn, Massachusetts",42.479261799999996,-71.1522765,579bc0
SNA,Snap-on,Industrials,Industrial Machinery,"Kenosha, Wisconsin",42.5847425,-87.8211854,ffd300
SO,Southern Company,Utilities,Electric Utilities,"Atlanta, Georgia",33.7489954,-84.3879824,5c4e4f
LUV,Southwest Airlines,Industrials,Airlines,"Dallas, Texas",32.7766642,-96.7969879,ef6a1b
SWK,Stanley Black & Decker,Industrials,Industrial Machinery,"New Britain, Connecticut",41.6612104,-72.77954190000001,efd10b
SBUX,Starbucks Corp.,Consumer Discretionary,Restaurants,"Seattle, Washington",47.6062095,-122.33207079999998,e9c785
STT,State Street Corp.,Financials,Asset Management & Custody Banks,"Boston, Massachusetts",42.360082500000004,-71.0588801,0067b1
STE,Steris,Health Care,Health Care Equipment,"Dublin, Ireland",53.34980529999999,-6.2603097000000005,cfe0ea
SYK,Stryker Corp.,Health Care,Health Care Equipment,"Kalamazoo, Michigan",42.291706899999994,-85.5872286,c7c7c7
SIVB,SVB Financial,Financials,Regional Banks,"Santa Clara, California",37.354107899999995,-121.9552356,00a1e4
SYF,Synchrony Financial,Financials,Consumer Finance,"Stamford, Connecticut",41.0534302,-73.53873409999999,ffc503
SNPS,Synopsys Inc.,Information Technology,Application Software,"Mountain View, California",37.3860517,-122.08385109999999,58247f
SYY,Sysco Corp.,Consumer Staples,Food Distributors,"Houston, Texas",29.7604267,-95.36980279999999,0188d8
TMUS,T-Mobile US,Communication Services,Wireless Telecommunication Services,"Bellevue, Washington",47.6101497,-122.2015159,ed008c
TROW,T. Rowe Price Group,Financials,Asset Management & Custody Banks,"Baltimore, Maryland",39.2903848,-76.6121893,21c4dd
TTWO,Take-Two Interactive,Communication Services,Interactive Home Entertainment,"New York, New York",40.7127753,-74.0059728,10409f
TPR,"Tapestry, Inc.",Consumer Discretionary,"Apparel, accessories & Luxury Goods","New York, New York",40.7127753,-74.0059728,f6e98e
TGT,Target Corp.,Consumer Discretionary,General Merchandise Stores,"Minneapolis, Minnesota",44.977753,-93.2650108,cc0101
TEL,TE Connectivity Ltd.,Information Technology,Electronic Manufacturing Services,"Schaffhausen, Switzerland",47.6958897,8.6380489,a69a98
TDY,Teledyne Technologies,Industrials,Aerospace & Defense,"Thousand Oaks, California",34.1705609,-118.83759369999999,0f75c0
TFX,Teleflex,Health Care,Health Care Equipment,"Wayne, Pennsylvania",40.041599600000005,-75.3698895,283553
TER,Teradyne,Information Technology,Semiconductor Equipment,"North Reading, Massachusetts",42.5750939,-71.0786653,004293
TSLA,"Tesla, Inc.",Consumer Discretionary,Automobile Manufacturers,"Palo Alto, California",37.441883399999995,-122.14301950000001,cc0000
TXN,Texas Instruments,Information Technology,Semiconductors,"Dallas, Texas",32.7766642,-96.7969879,cc0101
TXT,Textron Inc.,Industrials,Aerospace & Defense,"Providence, Rhode Island",41.8239891,-71.4128343,005290
TMO,Thermo Fisher Scientific,Health Care,Life Sciences Tools & Services,"Waltham, Massachusetts",42.376485200000005,-71.2356113,d04029
TJX,TJX Companies Inc.,Consumer Discretionary,Apparel Retail,"Framingham, Massachusetts",42.279286,-71.4161565,c3122e
TSCO,Tractor Supply Company,Consumer Discretionary,Specialty Stores,"Brentwood, Tennessee",36.0331164,-86.7827772,d20000
TT,Trane Technologies plc,Industrials,Building Products,"Dublin, Ireland",53.34980529999999,-6.2603097000000005,743be3
TDG,TransDigm Group,Industrials,Aerospace & Defense,"Cleveland, Ohio",41.499320000000004,-81.6943605,2f4554
TRV,The Travelers Companies,Financials,Property & Casualty Insurance,"New York, New York",40.7127753,-74.0059728,e61616
TRMB,Trimble Inc.,Information Technology,Electronic Equipment & Instruments,"Sunnyvale, California",37.368829999999996,-122.03634960000001,eeb612
TFC,Truist Financial,Financials,Regional Banks,"Charlotte, North Carolina",35.2270869,-80.8431267,2b1a46
TWTR,"Twitter, Inc.",Communication Services,Interactive Media & Services,"San Francisco, California",37.7749295,-122.4194155,1fa0f3
TYL,Tyler Technologies,Information Technology,Application Software,"Plano, Texas",33.0198431,-96.6988856,22bec2
TSN,Tyson Foods,Consumer Staples,Packaged Foods & Meats,"Springdale, Arkansas",36.18674420000001,-94.1288141,001f53
UDR,"UDR, Inc.",Real Estate,Residential REITs,"Highlands Ranch, Colorado",39.5480789,-104.97393329999998,fe1d07
ULTA,Ulta Beauty,Consumer Discretionary,Specialty Stores,"Bolingbrook, Illinois",41.6986416,-88.0683955,ec0049
USB,U.S. Bancorp,Financials,Diversified Banks,"Minneapolis, Minnesota",44.977753,-93.2650108,d8273f
UAA,Under Armour (Class A),Consumer Discretionary,"Apparel, Accessories & Luxury Goods","Baltimore, Maryland",39.2903848,-76.6121893,be574a
UA,Under Armour (Class C),Consumer Discretionary,"Apparel, Accessories & Luxury Goods","Baltimore, Maryland",39.2903848,-76.6121893,be574a
UNP,Union Pacific Corp,Industrials,Railroads,"Omaha, Nebraska",41.2565369,-95.93450340000001,e29924
UAL,United Airlines Holdings,Industrials,Airlines,"Chicago, Illinois",41.8781136,-87.62979820000001,83bde7
UNH,UnitedHealth Group Inc.,Health Care,Managed Health Care,"Minnetonka, Minnesota",44.9211836,-93.46874890000001,dfc91b
UPS,United Parcel Service,Industrials,Air Freight & Logistics,"Atlanta, Georgia",33.7489954,-84.3879824,fed700
URI,"United Rentals, Inc.",Industrials,Trading Companies & Distributors,"Stamford, Connecticut",41.0534302,-73.53873409999999,0067b2
UHS,Universal Health Services,Health Care,Health Care Facilities,"King of Prussia, Pennsylvania",40.101285600000004,-75.38355250000001,005581
UNM,Unum Group,Financials,Life & Health Insurance,"Chattanooga, Tennessee",35.0456297,-85.3096801,005298
VLO,Valero Energy,Energy,Oil & Gas Refining & Marketing,"San Antonio, Texas",29.4241219,-98.4936282,ffb900
VTR,Ventas Inc,Real Estate,Health Care REITs,"Chicago, Illinois",41.8781136,-87.62979820000001,fc7336
VRSN,Verisign Inc.,Information Technology,Internet Services & Infrastructure,"Dulles, Virginia",38.962489899999994,-77.4380485,ee3f35
VRSK,Verisk Analytics,Industrials,Research & Consulting Services,"Jersey City, New Jersey",40.7177545,-74.0431435,8da4bc
VZ,Verizon Communications,Communication Services,Integrated Telecommunication Services,"New York, New York",40.7127753,-74.0059728,cd040b
VRTX,Vertex Pharmaceuticals Inc,Health Care,Biotechnology,"Cambridge, Massachusetts",42.373615799999996,-71.10973349999999,3c0f5d
VFC,VF Corporation,Consumer Discretionary,"Apparel, Accessories & Luxury Goods","Denver, Colorado",39.739235799999996,-104.990251,023199
VIAC,ViacomCBS,Communication Services,Movies & Entertainment,"New York, New York",40.7127753,-74.0059728,0295c3
VTRS,Viatris,Health Care,Pharmaceuticals,"Pittsburgh,혻Pennsylvania",40.440624799999995,-79.9958864,f1cc1d
V,Visa Inc.,Information Technology,Data Processing & Outsourced Services,"San Francisco, California",37.7749295,-122.4194155,b5b5cb
VNO,Vornado Realty Trust,Real Estate,Office REITs,"New York, New York",40.7127753,-74.0059728,0f3255
VMC,Vulcan Materials,Materials,Construction Materials,"Birmingham, Alabama",33.5185892,-86.8103567,a6a6db
WRB,W. R. Berkley Corporation,Financials,Property & Casualty Insurance,"Greenwich, Connecticut",41.0262417,-73.62819640000001,004812
WAB,Westinghouse Air Brake Technologies Corp,Industrials,Construction Machinery & Heavy Trucks,"Pittsburgh, Pennsylvania",40.440624799999995,-79.9958864,ba454c
WMT,Walmart,Consumer Staples,Hypermarkets & Super Centers,"Bentonville, Arkansas",36.372853799999994,-94.2088172,c5d4e9
WBA,Walgreens Boots Alliance,Consumer Staples,Drug Retail,"Deerfield, Illinois",42.171136499999996,-87.8445119,8ec83e
DIS,The Walt Disney Company,Communication Services,Movies & Entertainment,"Burbank, California",34.18083920000001,-118.30896609999998,fbbe4f
WM,Waste Management Inc.,Industrials,Environmental & Facilities Services,"Houston, Texas",29.7604267,-95.36980279999999,edaa00
WAT,Waters Corporation,Health Care,Health Care Distributors,"Milford, Massachusetts",42.13985770000001,-71.51630490000001,070707
WEC,WEC Energy Group,Utilities,Electric Utilities,"Milwaukee, Wisconsin",43.0389025,-87.9064736,0088ce
WFC,Wells Fargo,Financials,Diversified Banks,"San Francisco, California",37.7749295,-122.4194155,ffff00
WELL,Welltower Inc.,Real Estate,Health Care REITs,"Toledo, Ohio",41.6528052,-83.53786740000001,dea154
WST,West Pharmaceutical Services,Health Care,Health Care Supplies,"Exton, Pennsylvania",40.0325817,-75.6274583,0a6f84
WDC,Western Digital,Information Technology,"Technology Hardware, Storage & Peripherals","San Jose, California",37.338208200000004,-121.88632859999998,ffd400
WU,Western Union Co,Information Technology,Data Processing & Outsourced Services,"Englewood, Colorado",39.647765299999996,-104.98775970000001,a7a7a7
WRK,WestRock,Materials,Paper Packaging,"Atlanta, Georgia",33.7489954,-84.3879824,ff8303
WY,Weyerhaeuser,Real Estate,Specialized REITs,"Federal Way, Washington",47.3223221,-122.3126222,008b4c
WHR,Whirlpool Corp.,Consumer Discretionary,Household Appliances,"Benton Harbor, Michigan",42.1167065,-86.4541894,0d436b
WMB,Williams Companies,Energy,Oil & Gas Storage & Transportation,"Tulsa, Oklahoma",36.1539816,-95.992775,dbb049
WLTW,Willis Towers Watson,Financials,Insurance Brokers,"London, United Kingdom",51.5073509,-0.12775830000000002,6e2b8d
WYNN,Wynn Resorts Ltd,Consumer Discretionary,Casinos & Gaming,"Paradise, Nevada",36.0971945,-115.14666480000001,d5013c
XEL,Xcel Energy Inc,Utilities,Multi-Utilities,"Minneapolis, Minnesota",44.977753,-93.2650108,ed2229
XLNX,Xilinx,Information Technology,Semiconductors,"San Jose, California",37.338208200000004,-121.88632859999998,e41e1c
XYL,Xylem Inc.,Industrials,Industrial Machinery,"White Plains, New York",41.0339862,-73.76290970000001,007fa8
YUM,Yum! Brands Inc,Consumer Discretionary,Restaurants,"Louisville, Kentucky",38.252664700000004,-85.7584557,ed1d26
ZBRA,Zebra Technologies,Information Technology,Electronic Equipment & Instruments,"Lincolnshire, Illinois",42.190024900000004,-87.90840390000001,0a8c78
ZBH,Zimmer Biomet,Health Care,Health Care Equipment,"Warsaw, Indiana",41.2381,-85.85304690000001,009fdf
ZION,Zions Bancorp,Financials,Regional Banks,"Salt Lake City, Utah",40.760779299999996,-111.89104740000002,54534a
ZTS,Zoetis,Health Care,Pharmaceuticals,"Parsippany, New Jersey",40.865286499999996,-74.41738769999999,c17f5f
HFC,,,,,,,00336f
